text,true_labels,pred_label
#NBA players #NY support protests of #police killings/sure #money donations for #college WB coming,1,0
A new year about to start|So many people came so many went|But always wat's gone is better.,0,0
"Obama's $1,176,120.90 in Taxpayer Funded Costs to Attend Political Fundraisers in Los Angeles, San Francisco",1,1
Can't wait to work with the dream team again today!! #delilyfe  üôà,1,1
!!! RT @user Of all the places to get stuck in a traffic jam,1,0
@user THX4FLW! FLWtheMUSIC @user @user WE R #ElektrikBLOOM #ElektrikFANTASY #iwant2DRIFT #Elev8TheUnderground!,0,0
#40 #Corner #Cute #Day #Expensive #diy #crafts|Please RT:,0,0
#notcies #eu EU backs 328 top early-career researchers with 485 million,0,0
@user I think it's a safe bet it won't fit the crime.,0,1
@user oh haha no they ain't üòÇüòÇ you ain't even seen em,0,0
Last day in #Riga! #self #finnishgirl #businesswoman  @ PK Riga Hotel,0,1
480 W crawling at 7:30 am. Great start to Thursday. #CLEtraffic #cleveland #traffic,0,1
@user @user patio tumbler goodness #Mac12days,0,0
"Workaholics: if you're sick, don't let that stop you from bringing your germs into the office. We all appreciate your commitment.",1,1
They have  #been seen www.MonsterMMORPG. com since. gist by #MonsterMMORPG #darumaka,0,0
What else would you do on friday? |#TGIF  #8crap,1,0
The rain has made extra extra lazyüòÖ,0,1
RT @user RumourIsImADad's accent...,0,0
"@user oh joy, now i get to have even more of them in my living room!  #putyourtoysaway #badboyfriend",1,1
Flight diverted over boiling water incident,0,1
i'm really stoked about going abroad in the fall. and well next week but that's for completely different reasons. #imissmyboyfriend,0,1
@user why would you do this... @user #superman  #childagain,1,0
@user @user @user Well done. You have more Twitter followers than me. You have succeeded in life,1,0
When you have Challah French Toast on Christmas,1,1
7:52am (too damn early) in South Carolina.. What a shitty state to  be proud of,0,1
@user @user the upper deck definitely seemed like Philly South.,0,1
"@user Technically, we aint muzlamics until we believe in a guy lost in a cellar as our saviour. ||#TrueStoryFam",1,1
Women do some crazy ass shit just to be with a guy and the least they can do for her is break her heart!| all but some.,0,0
"@user @user Wasn't that full in the nosebleeds where I was sitting, but it was fun! Crowd reacting to JoePa is my fav memory.",0,1
@user Frisky at 2am? That's nothing new.,0,1
@user When are you buggering off out of the country,0,0
Gotta go back to work tonight,0,0
@user @user I have no idea why Brad would be in the doghouse...,0,0
I guess we're getting timed on who we can spend time with.,0,1
": When some police officers pursue ""daring"" villains the way abusers pursue frightened prey. #Police_officer=#Abuser #Villain=#Prey",1,1
@user hahaha such a 1% town,0,1
Thanks @user for nothing. All my family were flying with you from KL to attend my wedding. #everyonecanfly  #AdelaideRouteCancelled,1,1
Easiest final of my life. So glad I studied 11 hours for it,1,1
is the game,0,0
@user @user @user When / how did the ACL tear happen?,0,0
Always forget how good the F.E.A.R is by Ian Brown üéß #singingoutloud #TUNE,0,0
"Oh, thank GOD - our entire office email system is down... the day of a big event. Santa, you know JUST what to get me for xmas.",1,1
I feel so blessed to get ocular migraines.,1,1
One more reason not to shop at #Walmart. They make you feel you're not in America!  #shopping #Islam #tcot ~,1,1
"@user @user @user I guess this is where he lost a couple of million to Lambias, is it?   #LudicrousStory",1,1
"Yeah, because that's what's most important. . The man really is a prized prat.",1,1
I'll grin or ill grin. There's two ways to read my name.,0,0
Angry-face #Leo #Kids #Fun #Face #Angry,0,0
"anw as long as there's nothing going on with the both of u rn, i can still forgive u but i cant promise to forget",1,0
"Is Khallilah Henriques NNN all there? She mostly sounds blonde,but this morning confirmed it#Ignorant on race relations#Articulate Minority.",0,0
"@user  haha or are a chainsaw murder, or a corrupt fortune 500 ceo, or a rapist, w.e makes you happy.  #hebetripping",1,1
Surprised SJWs haven't tried to get call of duty banned. You can make male & female guys so you have men KILLING women|#Misogyny|,1,1
@user Sometimes you have to forget what you feel and remember what you deserve.,0,0
@user Just abt 2 say d same  :) I'm not sure whether Oxford Brookes Uni is part of Oxford Uni. yet his CV is impressive still!,1,1
my favorite thing to do on Tuesday is write psychology papersüòê  #killme,1,1
"@user @user you can't reason with someone with a bio as moronic as his. ""So should everyone else"" #SoDemocratic",1,1
"Family time is nice and all, but I'm ready to be back at work on this fine morning.",1,1
"The sooner I find that out, the sooner I can go and have the lovely conversation with HR as I've yet to tell work #lookingforwardtothat",1,1
Bae had an energy drink and wants to stay up... but I'm so sleeeeeepy. #love #sleep,0,1
#TeenAnalCasting #She She sucked me dry!,0,0
@user Adorable little white tiger,0,1
It's adorable how this keeps on happening,1,0
First day skiing #killedit  #iwasshit #tignes #seasonlife,1,0
#Uniform#unity #LMFAIR14,0,0
@user even your link to the service alert is down.,1,0
"btw, dummy, 140 limits @user @user @user @user @user @user",0,0
@user Like I need to be reminded of BP Cup competition dates!,1,1
Everybody is out there traveling the world and I'm sitting here studying maps for my last exam #jealousy  #almostdone,1,1
Not this room please I don't want this,0,0
@user so ...still no response from @user #greatcustomerrelations,1,1
"""@LabourEoin Few politicians get importance of Patient Dignity &  right to die",1,1
#LRT -- Gee. Good thing there's no #WarOnWomen.,1,1
36 hours no food no drink going strong  #givemeabrew üôèüò≠‚òï,1,0
"@user What do you order at Kona Grill? For ""fast food"" Sushi, that place is delish.",0,1
"Honking at me whilst you drive past - so romantic, it makes me want to trace you through your number plate and be with you forever",1,1
So fucking excited to be the 5th wheel for another New Year's Eve!!!! Can't blame anybody but myself for being super picky re: men,1,1
*looks at blackboard*|*calls life alert*|Help my grades have fallen and they can't get up,0,0
"@user @user you drive a ferrari, right? you being a beautiful clever woman?",0,1
I couldnt help myself.. I am a bad person...,1,1
"@user she went from a faded orange mess to a dark brown with red streaks. I, of course, forgot to take pictures.",0,0
Eskom load-shedding hammers the Rand again:  Current spot rate USD1=R11.45 #VivaANCviva,0,0
Had an insomnia cookie and now I can't sleep,1,1
Finals week plus hearing that my grandma is in the ICU = amazing  #letmegohome,1,1
@user And here I though that a one programmer operation had the same money and power as EA. #TheMoreYouKnow,1,1
Imma kill all you SOBs! Jk #lol  #RedEye,1,0
Sometimes i just dont understand anything|#stubborn,0,0
dead? Why is this stupidest of memes still perpetuated?,1,0
@user yes üëç the taste .. The slight aroma of the tea üòç,0,0
@user   People who are drinking and driving  now please,0,1
Listened to Gimme Shelter while driving in the rainüòÇ,1,0
"Casual meal with a mate, didn't turn out as expected! #disappointed!",0,1
Up all night 2 nights in a row. My job is fun  #nightauditadventures #resortjobprobs #fb,1,1
"BJP-CONGRESS nt disclosing detail of 3600 cr. donation received,still Media/Bhakts questioning AAP  #MufflerMan",1,1
What doesn't kill you makes you #stronger üëå...I'm  #perfect #mybody üôà,0,0
Sooooooo the #Bears will be looking for an offensive coordinator as well. This bodes well for next season.  #whatamess,1,1
@user Tried to spell beeyotch and iPhone made me spell Beyonc√©. That's fire.,0,0
I just earned the 'Land of the Free (Level 25)' badge on @user,0,0
@user @user The Bears are probably the worst franchise in football at the moment.,0,1
Horses are just hornless unicorns :O ||#enlightened #mystical #wow  #on #drugs,0,0
"@user add some ""Your Baby Can Read"" DVDs...ya know...just in case lolüòè",0,0
"@user @user YES! I do this all the time. It's such an easy thing to do, I don't why this isn't common knowledge.",0,1
"Comcast, greatest customer service on the planet  #comcastistheworst",1,1
"Facing Health Crises, India Slashes Healthcare #GoodGovernance  #NaMo #GoGo #BureDin",1,1
How exciting he's walking all by himself #amazing #strength #hardwork #love,0,1
@user @user @user @user the Jets have pick 6 in the 2015 draft the irony blows my mind!  #NFLDraft,1,0
@user @user Too Sad... LOCAL NOW!,1,0
Ohh he can climb a rope? Just like every other commando? Super talented.  #TakeMeOut,1,1
"@user @user In a musical, the music department is quite unimportant.  #umitsaMUSICAL",1,1
Cramming 200+ psych pages into my brain even though we learnt that cramming isn't effective,1,1
THEY #CAN'T BE #IDENTIFIED|#UK should  ALLOW more #SYRIAN REFUGEES #ENTRY among them will be #ISLAMISTS potential #TERRORISTS,0,0
I added a video to a @user playlist Modere Beauty Box Review + Giveaway,0,0
Mens Football clearly know how to have a good time.....  #archiesday #anychanceofasocial,1,1
Ppl keep snapping me and I can't snap back because I'm looking too good rn,1,0
And after being up for over 24 hours I'm finally getting some freaking sleep.. #HappyHolidays  #AlwaysWorking,1,1
Chenua Achebe - when things fall apart,0,0
"i.e. cutting gov't spending, as Harper has done w/ public sector jobs, injures the economy & multiplier effect of those jobs #cdnpoli 2/2",0,1
"I swear the biggest tools are those who wear a belt even though they're wearing suspenders. Pick one or the other, can't do both",0,0
The good thing about college is that you're not asked to do evens or odds or even the back page of your worksheet.,1,1
How DARE somebody exercise their freedom to protest and freedom of speech.,1,1
I'm so different when I'm back home... I blame the work crew #rowdy #banter  #toomuchlove #360family,1,1
Dont we all just love those people who message you out of nowhere and act like you guys are close cus they want something from you?,1,1
LOL..It was an RSS agenda modi bribed UN officals to make yoga day international..  #secularindia #AntiConversionLaw #hypocrites,1,1
This 'legendary' anfield European cup atmosphere is great hey! ;-),1,1
"I always forget that many #activists and #radicals who are most earnest look back fondly to 1918 and 1793, not 1848 or 1789. #classwar",0,1
@user Fact we have a liberal school system. Yes I'm conservative.No that does not make me racist.(before you accuse me of that),0,1
"Off to brave Tesco. Humungous shopping list, hail outside #ohbliss",1,1
I think tori is actually my favorite human being on this earth tbh,0,0
@user woww thanks for that helps alot  hahaha saddd üòÇ,1,1
"Wallahi speaking to an unbeliever is bid'a, let alone wishing him/her a happy celebration.",1,0
..and another  #freelesson #english #esl #tesl @user,1,0
just another day as a lovely comcast subscriber.   #neverworks  @user @user @user,1,1
Another great day on the #TTC.,1,1
"@user @user ""I can't look at a bridge without crying now.""",0,1
I love waking up at 4am everyday and then running 5 miles.. favorite part of the Army :),1,1
Hey heyy!!!I....wanna be a rockstar #vscocam  hero #vsocam #hero #spiderman,0,1
"they dip, we drip #fat #sumo #hippoes #happy #like #so  #turtle #googlemapcibae #love #bij...",0,0
Great start to the morning  #flattire,1,1
"@user man, there is too much  in this tweet.",0,0
"@user They were probably, contracted to work for free.",1,0
Over on CBS at noon is #BALvsMIA. FOX has #SEAvsPHI after the #Saints. #NFL,0,1
Packers fans on Twitter are on full meltdown mode... R. E. L. A. X.,0,1
And the day started civilised #appointments#road trip #bestdayever #neverlaughed as much... Tks to...,0,1
Now i officially look single. Ha the,1,0
@user you're hilarious...,1,1
Lol at people saying they're turning 13 this year when did I start following kids #sorry,0,1
"@user Hi! I have just received a photo of my dear parcel from China, amazing he is travelling around the world!!",1,1
@user Ill see you in the Finals,1,0
"@user gotta hand it to them, really. üëèüëèüëè",0,0
"@user I think being gay is wrong, its like people chose to be gay just to piss off the magic old man that lives in the sky",1,1
Hey everyone... I want this as a Christmas gift :) Can you send me one? @user #GTX980,0,0
that fits @user @user @user @user,0,0
@user Glad to see someone has finally realised how funny Mark Lawrenson is and given him more work. He is a hoot.    #goodgrief,1,1
Photo: Cheers! #vodka #mother #energy #drink #tipsy #on #one #drink #Cadbury  #alcoholic #Friday...,1,0
"@user Accusations on twitter shouldn't count, though I've heard tales of talk that it will replace the grad jury sys here",1,1
Well said @user I for one am fed up of all these women breastfeeding ostentatiously!,1,1
I love how today is going,1,1
"Um, really @user  #nothanks #UVA",1,1
@user Racism is pooled in liberal Democrats. Democrats must foment racism and division to maintain control. Divide and conquer.,0,1
"studying up on narcissism. the more I read up, the more I'm afraid I have this disorder!! #centeroftheuniverse",1,1
"@user @user @user was STUNNING today, wasn't it?",0,1
"HELLO Sunday! BY THE WAY IT'S December 28, 2014 at 02:15PM! (just a random information)",0,1
A maths tutorial is exactly what I need right now  #lol #struggle #uni,1,1
Two hour drive this morning with the instructor.  Oh yes..  #scaredshitless #yikes,1,1
"@user @user sure! ""wow, Nintendo has achieved what Sony already did years ago""",1,1
Produce all kinds of Creative Designs #like15|,0,0
#Christmas slow down!  enough time left!!,0,0
I would have made a much more convincing Bella Swan.,0,0
Just gave Imperfecto a 3.5/5 rating on @user,0,1
@user what is it with whales this morning,0,0
"@user ""i feel bad for the American people, now we should invade their country in kill their children so we can save them""",1,1
I just love being in charge of comp music üòÄ,1,1
"I shun the workplace chit chat, to look at what happening on twitter  #randomtweet",1,1
"Mirror mirror on the wall, when will I find happiness?",0,0
@user u might b d bigest fan of srk but i find u better actor than him sayng it just fr sayng but realy mean it#expression king,0,1
"@user Say it ain't so, Joe.  Who would imagine a government program fraught with fraud?  Has this ever happened before?",1,0
Save Manage & Make Money - Join for $99 make $600 #Discounts #Vacations and more,0,0
My dorm is actually really creepy when I'm the only one in it... üòñ,0,1
"@user @user  of course, Not!",0,0
Yay for getting pink eye again!  #whyme,1,1
@user LOOL from the guy with multiple twitter handles,1,0
"If loose lips sink ships, then loose tweets sink fleets. ? (@ NASNI Theatre in Coronado, CA)",1,0
@user @user I honestly haven't a clue. I'd hope there were some since the surveillance cams I've seen show barely anything,0,0
@user Loughton.. And some in Basildon what about u?,0,0
Youve got to just love the efficiency @user two-day service!  #7DayService #prioritymail #hahahaha,1,1
"No reply day! I mean, week!|#Happiness",1,1
I'm pretty sure this bad boy is worth at least 6 stokes per round! #dreamon  @ 913 miranda place,1,0
"Twitter slams Austin Strange Fruit PR firm, spurring it to drop the name it shared with a song about lynching",1,1
Happens Every day.,1,1
I just love working on Christmas and spending it alone 6 hours away from my family!,1,1
Drawing with my little girl... Still can't believe she can draw this good!!!! #drawing #daughter...,0,0
On my TL I see a Somerholic that unfollowed me tweeting retweet if you're a Somerholic to see how many are there.also i'm not allowed,1,1
It seems that Erdogan sends his best regards to the EU,1,1
"It's too bad all this is happening to #TheInterview, it looks like a really good movie.",1,1
Finally went to the doctor and feeling so much better.,0,0
"I'm the guy for you Brooke Davis. #OneTreeHill this story is sad,thrilling and confusing. But I love it!üòç",0,1
Another day just livin the dream  #needmoremoney,1,1
waking up congested/not being able to breathe is a great feeling.  üòë,1,1
@user Being doing projects for university all day! My life is sooooo interesting,1,1
@user wtf where did you go,0,0
@user Yeah no I'm still laughing. It's not even that funny and I'm still laughing,0,1
Sitting in this hall is fun!!üòí,1,1
I may or may not be obsessed with the grinch üòè,0,0
@user can you please book one of these appointments for me and tell me what happens?,1,0
"MORON, no one has ever said a ball is square #STRAWMAN @user @user",0,1
Photo: #Say it loud say it #proud! #Nope #never!  a quitter and will never #be... #always #winning even...,0,0
lol has his website been suspended again? @user @user,0,0
@user like a group of unsuccessful idiots who can't even manage to scrounge up a quarter? That's pretty cool I guess Chris,1,1
Who accepts this challenge? Who's Next? Ends Soon. Be A Ten Executive & Founding Member.,0,0
"I love math, I'm so amped for my final like 7 hours from now. I hardly studied for it. #IBeenDoingIntegralsSinceThe5thGrade  üòÑüòúüòÇüò£üò∞üò´üòñ",1,1
@user @user but she was white!.IOW guilty of racism by fact of skin color.#Ferguson taught me that.,1,1
@user @user @user @user @user @user,0,0
@user @user really? My respect for feminist/womens movements is through the roof. !,1,0
"don't knw how to react everytime sum1 says me being in a wheelchair ""inspires"" them! im just living they same you are dude",0,1
"Hi Orgabeh, so we meet again. I think you're my soulmate. üòç  zzzzZzz üò´  #patience",1,0
#finalsweekgotmelike Ugh. Make it stop. #finals #finalsweek #EWU,0,0
Can't wait until this weekend is over...then no more Xmas parties!!!!!! #HateSchmoozing,0,1
"@user claims the man was peaceful, when he was violating HR of orientation.  making a free speech argument over an HR issue.",1,1
Absolutely appalling service once again from @user Can't wait for the rise in fares next month  #excuses #joke,1,1
@user and a strut to boot,0,0
"@user nice, lazy search in google scholar couldn't find a free copy - openaccess for the win",1,0
I love when this happens,1,1
"Just noticed that I crossed 500 followers in past month. Guys, I hope you enjoy the sarcasm b/c we all know my value added is nil",0,1
The things I see in Bath & Body Works #WorstOutfit  Cute #WTF,0,1
#But #It8217s #Matters  #Size #Style #That #wedding|Please RT:,0,0
"Coin ! erraji: "" ZeeGingaNinja: because it seems that some people here need this clarification #sydneysiege ...",0,0
"They decided 2 change King's trunks 2 gold, his logos 2 green & his tights to blue. How creative. .",1,1
Thank you for all your Retweets @user #TopForm,0,1
"@user Great job on reporting on a mentally unstable man and calling him ""drug crazed""",1,1
Thanks for the AWESOME support on our #instagram page. Much appreciated. #women #motivation #rolemode,0,1
@user *kisses you cheek* that's enough. im not a love bot.,0,1
Oracle on Windows 2000. This should be fun!,1,1
Just booked me and my back a massage with @user @user hopefully stop it groaning over crimbo üëçüéÖüéÅüéÖ,0,0
@user tis the season for unwanted gifts!,0,0
I love being unappreciated,1,1
Sometimes I can make funny comments #boyfriend #text #justgothomefromdinner #smiles #funny  #lovehim,0,1
What an amazing start to the weekend!  #ohgoditsfridayagain,1,1
Sinking my teeth in to why the SPS failed in VT,0,0
I would have never hired Trestman. RT @user I would fire Trestman tonight.,0,0
I'm hungover and I'll end up staying up until 4 :'(,0,1
2014 was the year @user and I became Lords üëë #watchthelordman,0,0
"Feel bad, confused over NY cop controversy. That one is on camera. @user brown @user  so clear #Love your neighbor",0,0
Marked as to-read: Becassine Pendant La Grande Guerre by Caumery,0,0
Love that I can count on people.,1,1
Last day of school it was so much fun but not much people came. what a shocker,1,1
"Headed to Huntsville, TX this afternoon. Try to contain your jealousy.|",1,0
I was wrong when I thought I will find a way that doesn't lead 2 you,0,0
Fun at @user #Basics4Babies Day @user on Sunday: Ask Travis Lulay to get his face painted like Tony The Tiger  #worthashot,1,0
Fucked up.  in the mood at all,0,0
"#Blame #Bad #Luck,  #Genes #as #Cause #of #Most #Cancer #Types. Here's #Why: Heredity and environmental factors...",0,0
doing mental calculations and realizing that your chances of passing a module are slim to none is fantastic,1,1
"I don't know why it's so fun, but it is. cx I could probably think and find out, but yeah. No. xD",0,1
@user yay another outage in less than 8 hours. Keep up the good work!,1,1
"#Forever #Young, Forever  #Out, Forever in #our #hearts. |#RIP #PhillipJoelHughes. @user @user",0,0
"Half the world is starving, the other half is struggling to lose weight! | #SickWorld",1,1
what a good time to start voting again  #BestNewArtist Fifth Harmony,1,1
In case somebody breaks in our apartment üî™üòµ,0,0
"Lol, who throws middle fingers up in pictures anymore? Oh, you're bad.",1,1
Thanks @user for taking down <3 We all love you for this <3,1,1
I'm not going to survive today w/o breaking down in tears at least twice and possibly passing out. All nighter @user library was a bad idea.,0,1
I seriously loveeeee how much you care,1,1
One season down 8 togo! #OneTreeHill,0,0
"@user @user neither can I, I'm gonna have an ambulance pre-booked gorjüíúüíúüíú",0,0
: Entertaining journalists collecting facts about annoying dentists. #Entertaining=#Annoying #FactAboutDentist,1,1
@user time to hit the books then,1,0
"I don't understand why anyone watches these bowl games. They don't matter. Great, a team outside the top 4 dominated. #dontcare",0,1
"@user you guys sure screwed this up royally. I'm happy for Lester, the brain trust over there sucks. #nicejob  #LesterToChicago",1,1
"Oh crap, Mac shutdown corrupted iPhoto so hours of rebuild ahead, so might as well eat and drink! #FestiveFattyBumBum",0,1
Remember when I ran 14 miles on 90 min of sleep this summer? I've got a 14+ hour day on about two hours of sleep. This'll be fun.,1,1
"Being on #socialmedia is already pretty good, but they also master  of irony... Do we tell them?",0,1
@user @user hahaha u talk abt policies..just check delhi dialogue page..are u from another gola lol,0,0
Bacon. That's all. That's the tweet.,0,1
@user could do with someone making me a hot chocolate right now ahaha,0,1
"Peshawar school massacre: Pak must know their greater enemy is terrorism, not India.#Peshawarattack",0,1
Indian Urdu Daily Advocates Murdering Apostates After Extremist Hindu Groups Convert Muslims: The First...,0,1
Duale seeking 'protection to be heard' when the proposed security bill will trample the basic rights of his pple and their freedom,1,1
@user 10 HOUR CAR RIDE AND I CANT SLEEP IN CARS YAYAAYAYAYAYAY.  have fun bff!,1,1
Love being called into work on my morning off after not even 6 hours of sleep.  #thanks #splitshift,1,1
SEC crew doing some quality officiating in the penn state game. . How do you miss that terrible block in the back?,1,0
"@user Product of Aaron Rodgers. Eric Decker was pretty good last year too. It's situational. When Jordy cashes in, he'll be a non-factor.",0,0
@user yara .. I'm a restless soul (you're well aware ) but I like my skin perspective as most comforting.. When any1 expects me to be,0,0
Riding the distraction train. ||CHOO CHOO,0,1
My year is ending perfectlyüòÇ,1,0
#FLOOD OF #NOAH #HovindTheory #ICEAGE #Bible #Church #Christians #Jews #tcot #...,0,0
"@user if aguero is out for a long time, city could buy bony in January!",0,0
"happy birthday to my boo @user ‚ù§Ô∏èüéâ love you, have a great day!üòÇüòª",0,1
@user @user an e-reader would definitely help save my life if someone broke into my house. Good call,1,1
Nothing makes me happier then getting on the highway and seeing break lights light up like a Christmas tree..,1,1
Spilled milk onto my boob. Oh the .,1,1
@user The Raiders are. I guess we'll see how things play out tonight.,0,0
@user I'm truly at peace,1,0
Oh we get to see The Queens Garden on #itv after she addresses the nation. Just what I always wanted  üò≥,1,1
@user @user Whilst #SLabour #BlairMcDougal #DeputyDug recon its in #MeltDown safe in #BetterTogether of course ...,1,1
"@user In fight over overtime for Firefighters, DC viewed ruling from control board as permanent"" but appeals court says no."" #fb",0,1
#Repost hernanpuentes with repostapp ‚û°Ô∏èüîúüì∑ #ComingSoon #LoveIt #LoveU „Éª„Éª„Éª‚Å∞PERFECTION..... Filter...,0,0
"#Exclusive -- #Indonesia: #AirAsia #crash #probe #focuses on #timing of #request to #climb, #weather. via @user",0,0
Let's set the record straight McCoist the player legend Fact !!! The man held us together when no one else would !!!! Won't ever b forgotten,0,1
Kitty aaaaint happy #cat  #happy #today,0,0
"And it's freezing, yay!",1,1
Coming to the conclusion that Apple IS Skynet #terminator #apocalypseiscoming #warofthemachines,0,1
Having to be up in four hours sounds great,1,1
"#FergusonRiotTips Remember, the only way ppl listen is if you burn down their stores||#Ferguson #VitoandVito #WAARMedia #tcot #ycot",1,0
"@user Thanks, that'll help loads",1,1
@user must b in the #blood lol x,0,0
"@user Careful, Cayce. That's almost a racist statement.  @user @user @user",1,1
Swag  @user,1,1
A #Sagittarius will always chase what they want until they get it..|#keepgoing,0,0
"This is what  looks like, right?",0,0
#Venezuela -controlled #Moscow junta genocides peaceful protest of #Chechen miners in #Grozny .,1,1
Today I'll lecture on CRM investments & shareholder value ... So excited ....  üòè I'm sleepy üò¥,1,1
Isn't it great to sleep 5 hours and feel like a million bucks?  #gettingold,1,1
@user @user Yes I remember a little. But then an entirely new lineup came in? Is that what happened?,0,0
StephenFry: @user Oooh - busted by superior understanding ...! Crestfallen and shamed.,1,1
And my christmas shopping is done.,0,1
#Sports -- #Carrick #replaces #Fletcher as #Man #United #vice-#captain. via @user,0,0
@user So...I should click on the link in your private message to see the nasty rumor going around about me?  #boohackers,1,1
Why does sue give bonnie anxiety and stress pills,1,0
@user @user yeah this happens to me every time I want to like a video :(,0,0
At one point i almost believed that the law of attraction was effective. !,1,1
So excited for a whole new episode RHOA love this show!!!!!,0,1
@user @user @user @user true that! We just keep giving them üí∞ with no return #charity,0,0
Tell me the #Quintessential #Aussie now isn't a Govt paid job & then have the hyde to buy overseas online and pay no GST . mmm #SadButTrue,0,1
Us Looking Sexy  #MehRockingMyBluMonsoonT-shirt,1,0
Caribbean girls anthem Caribbean Girls by Stainless MOB now in stores online #IYON #Dancehall,0,0
Why isn't there a playoff legend Romo? @user,1,1
- Road safety campaign donkey killed by car,1,1
@user @user Yes. I want to honor someone who died so I'll go steal a TV and Xbox and whatever else I feel entitled to,1,0
me at restaurants: Is there wi-fi?|me at beach: Is there wi-fi?|me at family parties: Is there wi-fi?|me in hell: Is there wi-fi? #wifi,0,0
"Like @user Visit for  articles and also win a free puppy!! 1 puppy per visit, 6 puppy maximum #ATL",0,0
can you imagine being in high school today with a delusional dad making a fool of himself on the internet @user,0,1
#notcies #eu Foreign Affairs Committee MEPs to discuss Lebanon with prime minister,0,0
@user do you think you would support a guy who knocked out your daughter? Rice doesn't deserve support.,0,0
This should be fun next spring.,1,1
"@user Unfortunately not, hey. Daddy didn't think his daughter'd be into gaming or FIFA.  youraveragedaddysgirl",0,1
"Well done @user you're doing a great job  ""@SkyNews: A&E Waiting Times Worst Since Records Began",1,1
3 But 350 Girl Friends - #DrAmbarish- Upcoming Movies,0,0
Ugly Christmas Sweater  ;** #uglychristmassweaters #happyholidays #merrychristmas #kissesandhugs...,0,0
"Time for the post Christmas car wash, yay!!!  #friesenfamilychristmas",1,1
#ready for doing #business today üòÑ  üôà #tiredashell #coffeecoffeecoffee #morecoffee #...,1,0
"In the last 2 movies I've seen Alan Arkin in (Argo, GrudgeMatch) he has had me absolutely rolling.",0,1
This is a great time for me not to be feeling well...  üòí,1,1
Storm coming! #todayimloving,1,1
@user but talking rubbish about system on twitter can't change anything |   | Action speaks louder than words,0,0
I was really happy to hear that all of the NBC hockey talking heads pointed out Ovechkin's strong Corsi & +4 status this season.,1,1
The whole world can never get me on my level,1,0
"Some are really loving the criticism on Zoella. Let it rest, please. I wonder what you would do for some ¬£¬£¬£.",0,0
"Don't think for a second I'm out to drown your memory, you ain't worth the whiskey",0,0
People who don't get : you are THE BEST!,1,0
#TortureReport trending; I wasn't aware J.K. Rowling released her new book.,1,1
Today has been such a shitty day,0,1
"Love ya Jerry, but what the heck was that?",0,0
"@user my mom told me not to do it, but I'm fine",0,0
"i would tell ya, but you just wouldn't understand...üíò",0,0
"@user iv not even startedüò© think I'm just going to get the parents and babies something, the fam is multiplying too quickly üòî",0,0
"#nowplaying EaricPatten presents ""DJ Earic Patten's Elektrik Metro House Vibes Mix Sessions on Club ..."" at",0,1
At -- The sun finally decided to play #beastside #tahiti,1,0
"he did, proof he lacks reading comprehension skills @user @user @user @user",0,0
"not that it matters, a message board thread is not an authoritative source @user @user",0,0
@user why? university always helping,1,1
Wish I was still in bed with @user üíó#ICouldSleepForeverRightNow üî´üòû,0,1
"This sounds like loads of fun...  Snow, freezing drizzle, rain, 110km/h winds...",1,1
To be honest the tide was high at the beaches in #lagos and it got higher as the night crept up,0,0
"Dragging her feet, smacking her lips,and scowling at the empty street while screaming into the phone!...such grace.!‚òπ",1,1
"@user @user @user hope you have more ambition john, cause no one else seems too.",1,0
I can't wait to jump in my bed tonight and sleep!üò¥ #sotired,0,1
"Apparently my youth group thinks ""Are you kidding me?"" is my default expression--or ""nomal face."" #areyoukiddingme",0,1
@user haha cannot wait for monday  at it's best.. cheers,1,1
Wasn't the playoff supposed to make this process easier?? #NCAA,0,1
Tonight's family bonding presents a dark quite house playing Marco Polo with a side of nerf guns #lovemyfam,0,1
@user I typed it with a lisp too! Hahah,0,0
3:30am is a great time to learn the male reproductive system. with the biggest and brightest power point slides ever.  #biology,1,1
@user @user sounds like #Cubs won't have room for Lester battery mate David Ross.,0,1
We provide a structure that ensures you will successfully invest in real estate. @user,0,1
@user It's ok...thanks for telling me. Passed the idea on to a sydney friend :),0,1
Going to go into central for last minute present shopping #soorganised,1,1
"Besides some overpriced holiday candles, I haven't seen one #CyberMonday deal worthwhile today. Brutal.",0,1
@user is NXT gone from Sky?,0,0
"@user At the same length, we should not forget about the fundamental communal sanghi Hindu fanatic RSS in our backyard.",1,1
This week just keeps getting better and better,1,1
Hanging out with my niece all day üòÇüòú jokes,0,1
A voice of reason crying in the wilderness of hysteria. via @user,0,0
I didn't know the story of Noah had transformers in it. Man the modern biblical tale killsssss it.  #whatarethelivingrockpeoplefor,1,1
@user bruhh I just saw a license plate that had the letters FDB üòÇ,0,1
Yay I love being awake at 5 in the morning üòÄüî´,1,1
Wow writing 3 reviews on 3 concerts I didn't attend is exactly what I want to be doing right now instead of sleeping,1,1
it was  RT @user @user how is that a spoiler alert?  Haven't so called 'experts' predicted him as being the winner?,0,0
Bored? Check out> @user newest article - each word is linked to a ridiculous website! Try it out!,0,0
These Student Athletes Really Picked The Wrong Class To Cheat In via @user,1,1
@user is it squirt or squat?,0,0
What is the most important thing that you should do today? -- Breathe.,0,1
@user when dad calls me by this name üòè we often go into a fight .. You want a fight ? üòè,0,0
Yeah nice hair babes  üòÇüòÇ,1,1
Follow> @user and get your FREE DEMO of their industry buzzing app seen at,0,0
I literally have plans every night my entire vacation.,0,0
i feel like whole life is about waiting waiting and waiting,0,0
@user worst mobiles in india. Every 1 looks the same. Every model hangs from 4th day onwards. #samsung  #recommended,0,1
I love hearing people's explanations about the dating world in America in the library while I am studying,1,1
Coin ! LeCoinCanard: Coin ! LeCoinCanard: Coin ! LeCoinCanard: Coin ! deanbcfc: WasAlRahman this is a question I ask myself everyday ...,1,0
One day is day..lemme console myself with blunt,0,1
"On page 35 of 357 of Hogfather, by Terry Pratchett",0,0
Church sign of the day: How would you feel if we celebrated your birthday without you? üôä #StoleEm #TheReasonForTheSeason,0,0
Whoops. Didn't know I had to live up to other people's expectations instead of mine. Let me just fix that.  #sorrynotsorry #soz,1,1
you're so sweet,1,1
glad to just find out we had a quiz due yesterday and I didn't even know thanks for the notification blackboard,1,1
@user @user real tough to whoop dungeys ass,1,1
"Contemplating responding to @user tweet saying ""what remains of their pride"" but not sure how well that will go down",1,0
@user Oh funny. I saw that crowd! We were just there for dinner.,0,1
Thank God the #Knicks re-signed Carmelo.  #TheBullsCanHaveHim,1,1
I love not being able to sleep right now.,1,1
"If BJPee hv balls ,do dare to lift ristrictions 2mro ahead of Modi's #Kashmir visit,Kashmiris wl show u how much thy love #Modi.|",1,1
@user @user Junior got a rim shot for a 'rim job' joke.,1,1
@user @user ikr!! This is not a true Battlefield game! :/|.|.|.|.||,1,0
I fell asleep posting my last post.,1,1
Successful morning doing my essay...  #ChristmasShopping,1,1
@user he def came out the closet on that AND 1 dunk #rudygay,0,1
Casper the friendly ghost on 2 levels! #thingsmichelleobamathinksareracist,0,0
I'll do it tomorrow is a dangerous way to live,0,1
"@user @user LoL its not that bad, budwieser is bad, its like drinking water from the tap...",0,0
Go go Power Rangers! #f2xmasparty,1,0
"@user Nah, I don't think he says 'f*ck' enough on that album!  #angryman #oldschool",1,1
@user see |#FOLLOWME |#FOLLOWNGAIN |#TEAMTOFOLLOW|#TEAMFOLLOWBACK ||RETWEET & GAIN FOLLOWERS.,0,0
"That's me, the infamous pepper shaker replacer.",1,0
Sony pulled a movie bc we're scared of a country that can't even keep its lights on at night? Even motel 6 can do better than that. #Zing,0,1
@user yes mother as you wish,1,1
"In case you haven't heard, this is happening - #WingedWarriors -",0,0
@ Speakeasy,0,1
#np #NowPlaying #NowListening #Music  Of Dying On Your Birthday by #Senses Fail from the #album: #Let It E...,0,0
The #AdvancedWarfare campaign was only 6 hours -_-|PS: It's still better than BF4's campaign tho (that I didn't finish) :p,0,0
I love working for an hour and not getting paid for it,1,1
One things for sure IMA make y'all folks remember me.,0,1
you know what would make break 1000000x times better?||not having practice.,0,0
Like u go to Williamsville east ur parents hand u money but ur so much better than everyone else hahaha,1,1
Finding it quite funny that Gillette Soccer Saturday on Sky are complaining that there aren't enough games on at 3pm Saturday,1,1
@user but it has to be fake!! Where are all the stars??,1,0
My luck just keeps getting better and better,1,0
Affiliate Marketing blog post on the way but in the meantime some tips from the experts: #howitworks #marketingnewbie,0,0
@user Merry Christmas to all at topspin monkeys! Hope you have great holidays and are ready to train for the New Years! X,0,0
That moment you drop your phone right after your kid gives you a case for Xmas but before it's actually opened and put to use.,1,1
#Law&OrderSVU where rappers go to act,0,0
"Been the problem, actually. RT @user @user tough road trip. cant win em all but coaching has not been strong.",0,0
Taking a final then going straight to work. I'm just peachy about it.,1,1
@user @user Well that's a completely well reasoned and thought out argument. You've changed my mind!!! #Ferguson,1,0
Yups sarcasm and wine!  #winelover  üòäüíÅ,0,0
Each snooze button is more tempting than the last üò¥üÜò,0,1
"Crime figures: true picture may be worse than feared, says think-tank report | via @user Surprised?",1,0
"I cut my dominant tweeting finger on the milo tin. But as you can see, I'm a survivor.",0,1
#pick #up #linez  to use|Boy:When u smile its like the sun|Girl:Awe|Boy:because ur teeth are so yellow|;),0,0
"To be fair, DeBlasio only asked #BlackLivesMatter folks to stop protesting until the post-funerals. So police protesting him is cool.",1,1
Got to play w dogs last night!,0,0
I'm really talkative at night but no one is up to talk,1,1
@user oh my fingers stick together,0,1
So that went well,1,0
I have plans. I feel sick. What a surprising turn of events.,1,1
@user Feds doing studies of gays as if they are a different species. Add word lesbian before your study and double your grant $$.,0,0
The ER sucked tonight ... Urgent Care tomorrow .... YAY  #fml #ugh,1,1
"Because, progress... #AnEyeForAnEye , #PeshawarAttack #Taliban... Surely this will bring peace and justice?",1,1
So excited for the Christmas party with the snobby side of my fammm,1,1
Extending trade and not telling the people about the extended trade. Best idea ever!,1,1
Only thing missing now is a session at the gym... Want to do every body part though and CV!  #possible,0,0
"FNC is likely either repeating the same stuff over & over, @user @user @user @user @user @user @user",0,0
"@user Hey, now. Her profile says ""I Heart Jesus"" so she can't be all bad.  @user @user",1,1
Christmas shopping on 2hrs sleep is going to be fun!!!!!,1,1
"On a good note, only 49 more days until #Scandal.  üò¢üò¢",1,1
Blackpool today for an interview.  the weather for the beach,0,1
Bummer ending... But what a fun game and season. #Gophers,0,1
I hate babysitting when I'm sick because all I wanna do is sleep but I can't üòî,0,1
"@user Penguins cancel morning skate, which was an optional, due to icy road conditions.""",1,1
"@user @user No, it's secured by the Cartels so that they can charge huge sums of money for illegals to cross into the US.",0,1
3rdeye Brand Has Designed The Accessory For Your Easy To Carry And Comfortable,0,1
Cool to know I have people I can talk to when having a shit night.,1,1
If you gon' judge people who drink and blaze FOH Go choke on some foreskin,0,0
Today has been a blast,0,1
2014 can't end fast enough! Stupid dead battery.,0,0
The oh-so-classy [] @user also belittled the #ALS #IceBucketChallenge in his disgusting little video.||#NotInMyWallet,1,1
"@user why yes, because being some man's property is such a privilege  @user   #ironagethinking",1,1
Reading about Barack Obama in the Barack #Obama plaza #moneygall oh the,1,1
"@user @user @user @user #GamerGate , now with weaponized Ninjas. we trained with Assasins Creed.",1,0
@user I'm so persuasive lol,1,1
"Explosions! Nicely done. Apparently, the Joker & I have a lot in common. That's...disconcerting. #Batman #StarTrek",0,1
@user @user @user that wasn't a choke hold the officer was trying to keep #EricGarner from falling forward.,1,0
@user you tweet about having a flip phone? Now that's the definition of,0,1
One more week then back to Sudbury I go!‚ùÑÔ∏è @ Lake Nepahwin,0,0
The excitement for #EVC14. |Follow @user answer simple questions and win passes for the gig. |#GetEnchanted,0,0
@user @user empty threats even #TheBear supports #united,0,0
"All I want for Christmas is..the complimentary coaster offered by the title insurance company if I generate a ""Quick Quote"" to myself.",1,0
"I used to joke around about my cats being able to open my doors, never expected it happen.",1,1
@user @user it's like you're in the Maldives #seaandwhitesands,0,1
@user that's my Saturday night entertainment....,0,1
#Happy young chap  ashamed of my God and my savior #spreading the word of God n life of Christ #successful entrepreneur #MindOfGod,0,0
"Preparing some sample answers for the rehearsal exam qs for Digital Media with Google Drive, I'm so technologically advanced..",1,1
Hungry and hungover  #a  #good #day,0,0
Who wanna hit the slopes?,0,0
"Jim's cookies won, Nikki's killed, but everyone needs to go to @user to enjoy @user amazing pastries!",0,0
Lots if love for #Miranda,1,1
Such .   You still have to #praisehim ;),1,0
#All #And #For #Hot  #Rachel #style #fashion|Please RT:,0,0
Execute commands the beginning of a job but it is used to end a person's life Now that's,1,0
Imagine an imaginary menagerie manager managing an imaginary menagerie.,0,0
"@user @user wow. That  here though, sorry grandpa, we use mac these days #WelcomeToTheWorld #NeverArgueWithFools",0,0
Grown women acting like children is my favorite.  #dramatic,1,1
Just a friendly reminder! #motto #advice #you #are  #defined #by #your #past,0,0
Ahhh Finals week.... I'll throw a kegger at my house for all the survivors üíÄüíÄüíÄ #Motivating  #RIP,1,1
Today is a fabulous day  #Work #Ugggh,1,1
"Can we trade McCain? Biden helps Republicans more than McCain. In any other time, McCain would be a Democrat. |",0,0
"@user @user @user this is true, the Patriots, Packers, or Broncos could suddenly need a new coach  #itshappening",1,1
"#Corpsman wisdom: I had a head cold, so I took my own advice - Motrin, hydrated and changed my socks. Cold eliminated  #navy",1,0
Happy New Year all my Twitter people. Hope you have a happy and successful 2015! Lots of love üòò #2015season #2014sucks,0,0
"@user @user I mostly follow my lists, but I dip into the full feed randomly.",0,0
"@user @user @user outta the boardroom, I to the partay!! #luvvit",0,1
"hula hoops, hot chocolate and law revision. my breaks in work are filled with glamour and fun.",1,1
Look behind you # Tara # Ella # Starbucks #mytopgirls @ The Omni Santry,0,0
Taking the Christmas lights down in the swamp will be a blast.,1,1
@user I didn't know the severity of what you were charged with. I just read it on the Internet. Praying for you & your wife.,0,0
@user We ll take that bad at all,0,0
@user @user 14-0 but it's not that close.,0,0
I'm such a good friend...,1,1
i just loove when my guy friends give me thorough descriptions of their bowel movements...  #WHY #STOPTHIS,1,1
"Big 12 fans flocking to support TCU after that OU beat down, Texas loss, and WVU manhandling lol.",0,1
@user @user thank God for Kanye giving these unknowns some help.,1,1
@user Ohhhh yeaah the girl from your favorite couple wants me to come hang with her lol BRUH wtf is this lol,0,0
First nigga to grab it from behind No homo,0,0
Produce all kinds of Creative Designs #hypebeast|,0,0
@user @user sounds like flat 8 are having a wonderful morn!|#HAH  #WOTWOT,1,1
FINALLY TAKEN To the gir love  #heartbroken 12~19~14,1,0
@user @user @user Jamie took over my account. Don't worry,0,1
Who tf wants a Christmas elf tattooed on them? That's the dumbest shit I've ever heard of. #sorryimstoned #inkmasterfinale #inkmasterrivals,0,1
I find this farrrrr too funny üòÇüòÇ #wow #can #u,0,0
@user @user can't wait to see ya both,1,1
@user @user see you in Burnsville at 5pm!,0,0
...except we have no hot water. Naturally no one would be in the office to take my call. I fucking hate it here.,0,1
comparing @user to @user #atlas ...,0,0
@user @user The Greatest Unsolved Mystery = God!,0,0
I'm not in enough dance practice whatsapp groups yet. #december #winter #weddingseason,1,0
Thank goodness the holiday help at work is no more! I just love it when they think they know more than you  #annoyed #relieved #gone,1,1
Mondays are fine. It's your life that sucks.||It's the first day of class and you see that ... Ugh? Face?|#UrsulaOnAMonday|#wow,1,1
Cannot wait to go to the dentist later!,1,0
"@user Indonesia does: blasphemy laws & ministry of religious affairs,which also happens to be the most corrupt ministry.",1,0
@user Players are penalized for not playing defense as you're aware. David Ortiz barely above average in '14 based on WAR.,0,0
. which is why i've visited #pakistan as many times as i have .. sez @user,1,0
null (68! ) - How much do you know about periods? via @user,0,0
I can't wait to see how many pairs of beats headphones show up at the gym after Christmas,1,1
@user buuuut fast iteration and prototyping to production-ready code!,1,0
Shhhhhh...nobody move...they're playing a NON-electronic game together...NICELY!!!...,0,0
Have you gotten your tree yet? Xmas tree nail wraps available at #nailwraps #nailart ...,0,0
Learned to play 3 string notes on the guitar #pro#idiot,1,1
#BBC #News -- #Thailand #crown #prince's #wife #resigns #from #royalty.,0,0
How to know when he really loves you. #tmi #imsorry #chickfila,0,1
@user I've heard liberals defending bombing civilians along with terrorists w/o trial but still claim Enh Interrogations and Gitmo evil.,0,1
Love the trust i get from people üëå,1,1
"@user A British world champion in one of the most demanding & popular sports on earth. Yeah, of course I'm being sarcastic.",1,1
"Indian society teaches how ""Not to get raped"" rather than ""Don't rape""  #Sadhvi #MufflerMan #Indias30 #Rohtak",1,1
"@user You ARE pretty so I better play your ""free"" #SkinnerBox game. I'm sure it won't ask for my money after a few levels.",1,0
"New Years Eve is generally the most overrated party of the year. It's supposed to be a huge shindig, but usually I'm disappointed.",0,1
Why are babies constantly sick everywhere. It's like why can't u just keep the food you eat in ur belly and  #on #the #floor,0,0
Shakespeare is great  üôÖüî´,1,1
@user oh mature girls,1,1
Patrick Kielty hosting Radio 2's Comedy Awards...,1,1
Just great when you're mobile bill arrives by text,1,1
just exactly how I wanted to start my day!!!  #shitty,1,1
It's funny how you can sit for 15minutes And not be noticed.  #MTVStars Taylor Swift,1,1
@user @user so glad I bought a diesel car 2 years ago,1,1
Fischer ordered fish and chips,1,1
#Oil #plunges 3 #percent to #new #five-#year #lows #after #bearish #IEA #outlook. via @user,0,0
@user Wow! I can now afford that holiday I've always wanted!,1,1
And I used to hate coming to uni to do work lol,0,1
How in the world will I start my day once Kaitlyn gets tired of #Frozen?   #Idontwanttobuildasnowman #mommyproblems #mommylife,1,0
Is sleeping medication like Ambien any better for you? RT @user This is what alcohol does to your sleep,0,0
"@user @user You're  familiar with Matt Bubsy, #then.",0,0
I hope we get an ice palace and an invisible car #SPECTRE,1,1
I love putting up the Christmas tree with the fam‚ò∫Ô∏èüéÑ #christmastree,0,1
Went neck deep in a swamp today so that was fun  #chilly,1,1
"managing to fall flat on my face up the library stairs, has just made it to the top of  my list of proudest student moments",1,1
"Thanks mum for farting ... Not once, but twice during dinner with the BF. #NiceOne",1,1
@user Please give me a Follow Back.,0,0
#yes they're all are our brothers/sisters when you speak that way you are  Our Father In Heaven child either,0,0
@user @user @user @user @user Probably folks like #FullMcIntosh who don't buy games.  #gamergate,1,1
"I love seeing a guy go 50 and texting in a school zone, #soproud  #gpabdrivers",1,1
"The  of #American #protesters calling for an end to #RacialProfiling while holding signs referencing "" #BlackPeople "" | #ICantBreathe",1,1
@user I thought all people did for the holiday was to stream holiday cube all day?!?!,1,0
Corey Brewer looks like he is ready to not be in Minnesota anymore... You can see it all over his body language. #TradeBait,0,1
That moment when you want to break someones fingersüò°üò°üò°üò°üò°,0,1
The moment you realize that what have you done in this whole year .,1,0
#DIY. Change your #MobileCover every day now. Enjoy!,0,1
@user We are rumored to have talked to Erv's agent... and the Angels asked about Ed Escobar... that's hardly nothing    ;),1,1
Today I don't feel like doing anything|,1,1
I work in front of laptop for 8 hours a day and suffer terrible dry eye. #bloodshot  #eyerony,0,1
On the other hand condolences to @user and @user for the draw....,0,0
Sports rock so hard sometimes.,1,1
"I liked a @user video from @user WWE 2K15 (PS4) My Career Mode Ep: #12: ""TRIPLE THREAT"" | WWE 2K15",0,0
Tomorrow is the day I'm coming back to Florida for good .... :(  unless something changes in  the next 24hrs which I doubt   #ready,0,1
#adanisJet lol @user Irony committed suicide jumping from Adani's jet! #LoveJihad & #Gharwapsi orphaned!,0,0
@user wow üòÖüòÖüòÖ are you mad babeüò±üò±,0,0
"The word ""#Trust"" coming out of the mouths of #Holder or #Obama is just rich with  and #hypocrisy. #IRS #racebaiters",1,0
"The late Howie Carr wd be amused to see Granny Warren putting the wood to a ""bow-tied bum kisser""",1,1
Where's the Good Governance that we are ordered to celebrate on Dec 25th ??? #goodgovernanceday #Christmas,1,1
Happy Monday!  Hate mondays.,1,1
I just watched a #Fitbit commercial followed my an #IHOP commercial advertising a belgian chocolate mousse crepe.,1,1
@user @user Progressive socialism & liberalism must push the victim hood idea in order to continue.,0,0
"You know what's awesome? When all your gear (sliders, dolly, monitor, etc) gets delivered @ the end of filming.  #somadatBandHandadorama",1,1
First day of Christmas shopping tomorrow. Can not wait.,1,1
loyalty vs. self protection loyalty vs. self protection loyalty vs. self protection loyalty vs. self protection,0,0
@user @user is giving you a chance to win 10 #GoSupersonic #Goa passes. Follow them for more details. |#SuperDayLineup,0,1
@user But what about white on white crime? It's like a ribbon in the sky...non-existent.,1,0
Christmas is less than a week away wtaf,0,1
Yet another out of a million doctor visits tomorrow...so.stoked.,1,1
@user and yeah I set it at 130 not 150 because overworking your rookie pitchers is totally okay,1,1
I know that what I see |Is  what you see |What it is that I know feel and see is that the #time...,0,0
@user @user @user Remember when Pres. spoke of how great America is and how strong we the people are if we work together?,0,0
What do you all think of that Salt-N-Pepa Geico commercial? I think it's pretty terrible.,0,1
@user @user can't even bring myself to read this #rip,0,0
so Ugly *Size SMALL* Christmas Sweater Cardi Basic Editions Holiday Vintage,0,0
Another one of our support vehicles modified for Iceland service. #Bigfoot #LANDROVER,0,1
#SocialMedia Where it's perfectly normal to talk to people in pictures !,1,1
"Myself and @user having to walk to Civic Offices to get bus muttering to ourselves""wouldn't you think they'd pay their water""",1,1
"If this is love i don't wanna be loved , You pollute the room with your filthy tongue  #getscared",0,1
@user too bad CNN can't conceive their own story. #truth #news ?   #hypocrite #expose  #fake #exposed2014 #boycott #sponsors,1,0
@user what time is the UFC press conference tomorrow with names of numerous fighters getting cut,1,1
@user I know ...,1,1
"its not that so much as his lies and deceit, @user @user @user @user @user",0,0
Human brains disappear every day. Some of them have never even appeared.. ||http://t.co/Fb0Aq5Frqs||#brain #humanbrain,1,0
Just hangin' with ma dawg #eyesup,0,1
@user #spinless#gutless  acceptable,0,0
@user Doubt I was the first to block you. But you pretend good.  @user @user @user @user @user,1,0
I have to say... I'm really excited about Brendan Fraser's birthday tomorrow. #BrendanFraserBirthdayBash,0,1
:-|Gifted by the God|Improved with Skills| #KarmicThought #WiseWord,1,0
"@user @user What on earth does that mean ""Cloud vs Mobile""? It's Cloud-Mobile - or basically Client-Server 2.0",0,0
Lunch today. #fakelobster #lifestyleoftherichandfamous  #worldofswede,1,1
Kisses to you bc you lose wisdom today.....from your mouth  #clever lol I love you text me when you're able üòú,0,1
More than word just in this selfie .. The Egyptian legends. |#BestSelfie2014 |,0,1
@user you sound just like Jack Kerouac |,1,1
Sitting around listening to sad music really helps the depression.,1,1
"Most Hindus depend on the 'western' researchers,who explain to them what's written in Hindu scriptures!;-) @user #FacePalm",1,1
So far today is going AWESOME.  #fuckoff,1,1
I picked a great week to start a new show on Netflix.  #HellOnWheels,1,1
@user this Friday  lit,0,1
@user Someone described it to me as 'passing like a laxette through a budgie' but I can't remember who.,0,0
@user @user @user How dare you accuse me of being a boomer.,0,1
@user I need a new job so I can read books again. I miss reading. Being an English teacher really gets in the way of reading.,1,1
Goodie bags for 2nd grade are done! #whatsnext?,0,1
"@user So when Tory stood up and thanked Ford for his service to the city, I wanted to barf.",0,1
Flooded basements are always a fun thing to deal with,1,1
Platoon strategy ain't so bad. I mean we are a 7 line army.  #mets,1,1
@user Sorry butt,0,1
@user @user They r no less than the BCCI and Arnab keeps bashing them on the news hour,1,0
@user @user @user @user Was that head Mathers batting?|#powerful!!|#intimidating|,1,0
@user tried the pizza tonight we got from @user down here in #Pensacola. #YUMMY! Great job :-),0,1
"@user nm, I'm silly and didn't see the website.",0,0
@user @user ??? #Liberal used in same sentence?? Unheard of!! Turn in your keyboard sir!,1,1
Rocking the Christmas socks at work. It's the little things like this that make me happy. #essentialservice üéÖüéÑ,0,1
These guys are just amazing #gottalisten @user The Allman Brothers Band - Stormy Monday ( At Fil...:,0,1
"Just saw: Roel de Vries , Nissan #marketing boss says marketers should focus on emotions and  quantify everything",0,1
#Ministers #criticised #over #train #deals,0,0
"@user So we can see Reigns do a lame superman punch & a spear? Gee, can't wait! #RAW",1,1
2015 prediction: Putin ditches the Ruble and adopts Bitcoin,0,1
doesn't convey what I want though. #twitterproblemsforme,0,0
I bet I'm the first to use that one,1,1
posting any tweet doesn't mean i don't use twitter !,0,1
I know for a fact Sam is not gonna be in school today and that really is just the cherry on top of a perfect monday.,1,1
"@user @user @user @user This has been my point all along, that TC is proving to be #ecigs best advertiser to teens.",1,1
"oh yeah, that was funny as hell too, @user @user @user @user @user @user @user",0,0
Are you kidding me this is unacceptable,0,0
@user malay mo. its his real name haha. but still nice joke about na richard two. bagong bago  hahahhaah JK,1,0
@user Christmas as an adult with broken family. Just awesome. Nothing like your stepsister with 9 kids..,1,1
"Loooooool RT @user Monday is done, Friday is around the corner",0,1
"@user Hey, he DOES have the word ""ban"" on his home page like two or three times though. #AcknowledgementIsFirstStep",1,1
I should get out of bed now lol,0,0
Bruh. I just realized I'm wearing her shirt. The chick who dumped me. Lmfao,1,1
Today is already shaping up to be fabulous,1,1
i can't believe all the shits for the past days are finally over!,0,1
I just love 160 question tests in the morning.,1,1
"@user at $8.25 per day those are definitely not Costco socks! I must say this "" funky sock"" movement is kinda cool.",0,1
NEW #HipHop MUSIC:> @user - Crack Music: #JerseyCity #NJ #NY #BirthOfAWinner,0,0
@user because I find people with different ideas and ways of life interesting.,0,1
one essay submitted now to start the next one :') #thirdyearlife #loveit,1,1
#Getting #married #was  Jolie's #biggest #moment #of #the #year! #But #this...: Hollywood actor and filmmaker...,0,0
@user @user @user please reply to this gentleman on behalf of all of us here @user #jokles  #gotrealworktodo,0,1
@user @user I don't think I've ever seen Love Actually all the way through. I tried once last year. I don't remember it.,0,0
Yay for days off. #coffee #HarryPotter #christmasbreak #morning,0,1
@user Because we all know that a house is a hermetically sealed environment!  @user @user @user,1,1
I think #Stars are just the most gorgeous things in this world ‚ú®,0,1
Such a long day :/ #wrecked,0,1
Two people got me socks. Clutch af.,1,0
"@user Yes ara i am not, and you know that. Hahaha üôä  üòÇ",1,0
@user gerrymandering neither party will give up. It is not hard to be an informed voter.#Ferguson,0,1
Don't #text and #drive either.,0,0
Simple way to be #fashionable n contribute to #empower thousands of #women and #weavers. #KhadiGaatha #GoGreen,0,1
I only bought a few people gifts this year üò≥üò≥üò≥üò≥,1,0
AAP said will declare AK candidate in last list but declared it before.This issue affecting India's GDP is termed as U-Turn by BJP #AK4Delhi,0,1
@user Its called  @user,0,0
watching Elf was a prime decision tonight,0,1
"James Burke Connections, Episode 7 A Special Place: via @user #This is  /-\ #DRILL <()>",0,0
"Christmas Day,Boxing Day and New years day off just isn't enough! So much to do for me & others this month  #enough #hours #in #the #day",0,0
@user @user Johny UR cracking me up on Facebook chatting up my mate üòÜüòÜüòÜ,0,0
Husband coming home early? #mongkok #kowloon #hongkong #dongiotravels  #50thfloor ...,1,0
"@user #ISIS flag above ""Merry Christmas"" is just to much #blackHumor and  .. prayers to hostages!!",0,0
@user it's a,0,1
"@user It took 4-5 hours but in the end, Morosi was right and Nightengale's sources were wrong.",0,0
"Thanks mom for all those lovely words, you just love to let me know how proud you are of me | #wordshurt",1,1
Youre such a great person.,1,1
@user shouldn't you's be in school??,0,0
@user I wonder if they have that in an audio book...,0,0
@user Thei reights to protest ends where my rights begin. They cannot take my right of earning livelihood and free movement.,0,0
You're gone and I gotta stay high... #coldpants #offtomysteriousplaces  #bye,1,0
#and #As #But #Cake #Like #MMs #Made #Make  #Food|Please RT:,0,0
When Santa looks up my name üòèüôÖüëë|#sassy  #naughty #or #nice #instagood #instadaily #Christmas...,0,0
@user What do you know about #iubb?  Tom Crean is a coaching genius !,1,1
Check this out!| so #ugly #christmas #sweater|#ebayipad|http://t.co/Sp5bMZz3T2,0,0
If we could stop losing planes that would be great.,0,1
#SchoolSystem Update #Textbook Lies to support #Evolution theory. #Tco...,0,0
@user I be surprised at how many ppl have me blocked üò©üò©üò©  #ITalkTooMuchShit #YOURSTILLCLOCKINGMETHO #ThatsWhyYourGirlStillFollows,1,1
#Putin #says #Russia #won't #be #intimidated #over #Crimea. via @user,0,0
@user @user lol  then,0,0
Babysitting is what I like to do on a Saturday üòí,1,0
Oh ffs my body clock is f'd #iwanttosleep,0,1
@user He was caught attending...*gasp* a Latin Mass.,1,1
@user Pick it up one more time for the homie in the back that's stickin right with us thanks for answering my DM #realmvp,1,1
@user they can be assured you'll recommend them!,1,1
Yesterday #PeshawarAttack was a top tag and today the only thing twitter nation seems to be concerned about is #PTIKeptPakFirst,1,1
"Walking down the mall in front of a group of guys and hear ""even the momma got it"" Jesus lol everyone loves polly",0,1
whoever runs Yeovil Town FC twitter account should be fired. their starting line up looks like a mxit fantasy league team,0,1
"Salt n Peppa's Geico commercial is literally the best, ever. Only one that beats it is Hump Day.",0,1
Gotta love working the day after Christmas  #smellya,1,1
Gonna need K-State to play a little better but loving seeing this team in action with beckthies,0,1
"@user depends who you mean by ""you"" cause everyone is different",0,0
...A teen named Bud Weisser was arrested by cops for breaking into a St. Louis party store...http://t.co/AxejCevQ1e,1,0
As a little girl I would dream of shouting instructions repeatedly and being completely ignored. #motherhood,1,1
#Israel #freezes #funds to #Palestinians #over #ICC #approach. via @user,0,0
i hate it,1,1
A very powerful statement by Rob Hustle on a growing crisis. #ICantBreathe,0,1
Nose is stuffed.Awesome.,1,1
what do you think? good name or what?|@HondoLane @user @user,0,0
#notcies #eu How Santa Juncker can bring the gift of a healthier EU,0,0
"#HybridCloud needs hybrid monitoring... monitor Azure, plus apps and dbs, from SCOM",0,0
@user apple jd?  sure,0,1
girls put so much effort in dressing nice for school..I'm over here in my oversized sweats and vans #maybetomorrow,1,1
Fries With That 304 #AlabamaStateMajors,0,0
"I ate too much..... meal, i'm not even done with desserts!",0,0
"@user mostly LRS stores, just depends on who gets what. I'd say I tend to split between @user & @user",0,0
@user @user sorry I forgot LMAO,0,1
@user agreed. It's a very cool place. And I just love the rocks.,0,1
Check Out this YouTube channel:,0,0
<< This should be Christmas number 1! #accounting  #absolutetosh,1,1
I would LOVE to touch an anaconda! Jump on that thang and ride it like a horse! #EatenAlive,0,1
"@user gee, that's SO hard to believe.",1,1
Foxy Lady..#waynesworld #excellent  üòÅ‚ò∫üòä,1,0
@user @user We're going to Hotel Vegas. It's a 1968 themed party.,0,1
lol drunk mom on Christmas is so fun...  #thisisadisaster ‚ò∫üî´üç∏,1,1
"Let's just hope Nene isn't too hurt. Day to day instead of week to week, please. #praying #basketballgods",0,1
@user @user |Answer 2- More than 150 artists |#WinSunburnPasses,0,0
So glad i work mornings now,1,1
OMG YES. 7:30 FINALS ON A FRIDAY ARE MY FAVORITE. üòç‚ù§Ô∏èüíÅ,1,0
"There's a reason I don't tell my parents anything, cause I always get THE most positive responses",1,1
I guess my cat also lost 3 pounds when she went to the vet after I've been feeding her a few times a day.||#Eating|#food| |#WorkingOut,0,1
@user  gay but I bang that,0,1
"Where you our #ShamiWitness now?  |""@Dannymakkisyria: The gunman is also said to be monitoring social media activity #sydneysiege""",1,0
Porygon2 #are  found in the www.monstermmorpg. com #wild. bulbiest follow @user #working,0,0
Your cyber Monday sale got extended? No fucking way!  #stfu,1,1
Thank u to all u beautiful ppl that talk extra loud when I'm trying to watch tv I love you guys so much  #srslyofALLrooms,1,1
Can't wait for next year when it's a Cyber Month Sale.,1,1
@user wow u brought down xbox live arnt you amazing  why don't you do something more productive like grow up,1,0
@user COD AW SERVERS #OFFLINE,0,0
"Day 9 ""something your reading"" #decemberchallenge #lovehistory#lovenonfiction..‚úÖ @ Our Cosy House",0,0
@user @user @user @user @user @user @user Ya welcome hunnyüíã,0,0
"I before ""E"" except after ""C,"" right? What about in ""W-E-I-R-D?""  #Tshirt #RulesWereMadeToBeBroken?",1,1
"@user Cause of all the things in life this seems to be in #Balance. |Music- Medicine, @user - Doctor|#SuperDayLineUp",0,1
@user @user @user @user with their SEC bias right now:,0,0
It's too early to be awake! üòñ,0,0
@user huge congrats on signing! Couldn't be happier for you & the fam. ||How's the view from Everest? |#OriginalPatNeshekFanClubMember,0,0
people speaking of law to protesters who are fighting for justice themselves...  #ModelTownNotForgotten #PAT #PTI #GoNawazGo,1,1
love taking the subway alone at 2:40am,1,1
"Christmas part two began at my parents house today.Many gifts,mountains of wrapping paper,excited nephew,missing batteries, veggie chilli.",0,0
I'm glad H & M has employed enough staff today.  #nohelp #terrible,1,1
My dad's such a big kid on Christmas morning waking everyone up so bloody early,0,1
@user The wind is your friend,0,0
"Fell asleep @ 8:30pm, woke up at 12:00am. Can't get back to #sleep. I had almost forgotten about you #insomnia - welcome back.",1,0
"So far today: 1 ruined mug, I've cried twice, I've gotten 0 things on my To-Do List done and I'm 100% furious. #GoodStartToTheDay",1,1
@user damnit dude I'll see you when I get back though,0,1
"@user street lights on during the day in Clayville, Olifantsfontein. This should not be happening with #loadshedding problems. -on",0,0
Literally cried when I woke up because I know what this day has in store for me #TheStartOfTechWeek  Ready #JustShootMeKnow,0,1
in #Iowa. Anti-Union Governor #Branstad having inauguration & ball at #CommunityChoice Credit Union Center. A slap to #AFSCME #Homan,1,1
Meh...i don't think I'm a suit person.|~ Neil Caffrey||#TvQuotes|#WhiteCollar,0,1
"Hehehehe ""@Trevoredgar86: @user @user what a shame """,1,1
Lol... That's real cute üòí,1,1
am really fuckin paying for it today #tequila #is  #the #one,0,0
"is that @user calling that show a train wreck.  Way to respect the guest, guys",1,1
"Ceeeeebz work, allow dat ting fam",0,0
The winner goes to this stocking! They bribed me. ;),0,0
alot-still not sussed out how yo keep in touch with peop!e via twitterTwitterversary,0,0
Cheers to another good day...,1,1
@user @user @user YES! Vote for SATAN (@HillaryClinton) in 2016!!!!,1,0
Now I see why this play wasn't reviewed. Because it wasn't even close.,1,0
#marleyandme RT @user Sources tell @user and me that Dodgers are showing serious interest in Jon Lester.,0,1
just one of those nights üòî,0,1
"@user If I can make it out there, I'd love to have a beer (or ten) and talk baseball. You're a good dude.",0,1
@user are actually going to contact me rather than just apologising via Twitter?,0,1
Overcast at Creso. #todayimloving #beachwalk #crescenthead,0,1
Queens Of The Stone Age no Rock In Rio √≠cias #queensofthestoneage #rockinrio,0,0
Probably just scarred the cleaning lady half to death because she didn't know I was home.,0,1
@user Weeeeee! You too! I love that xbox live and playstation network are down due to hackers on Christmas.,1,1
@user Men with shaved heads are perceived as an inch taller and 13% stronger than men with hair. @user,0,1
Look really awake and like I've made an effort today,1,0
"@user You need to, it's an experience to say the least",0,1
"I love dating shows ! My favourite is Strictly come dancing, so good when it works out for them !",1,1
"Awh I love her replies, they get me feeling all types of ways!  #noreplies #StoryOfMyLife",1,1
The people supporting police violence seem to be the same assholes that scream about government over-reach.  #cognitivedissonance,1,1
"decided to do a really fun thing, left myself 15 hours to sit an exam and write 3 x min. 1000 word essays",1,1
@user That'll work...  #HellBeFiredinElevenMonths,1,1
"@user Autoincorrect strikes again. ""...than it's worth.""",1,1
@user You are freer in Bethlehem than you would be anywhere in rest of the Arab world!   much,1,0
Wow I love school,1,1
@user @user yea they keep bardgin in on stuff they dont even care for. get a hobby sjws! |also Babymetal is nice.^^,0,1
I wish I could make people like my personality,0,1
The world is such a smiley place. üò≥,1,1
Yay for no longer having a vehicle!  üòîüòû,1,1
Me: So yall forced me to call in to keep my price the same? BH: *silence* Me: *where is google fiber* #ilovebrighthouse,1,0
Ahh gotta love those December electric bills.,1,1
": When some naturopaths sell ""aromatic"" herbs the way apothecaries sell noxious poisons. #Naturopath=#Apothecary #Herb=#Poison",1,1
Wow I really have the best luck known to man  üòÖ,1,1
The two constables -- Veer Pal Singh Yadav and Avnish Yadav - did not have any criminal record. - NDTV||,1,1
I'm officially on Twitter!### sure what to do after all these pound signs?!?!,0,0
Lol. Imagine being gay and working in a fudge packing factory.,1,1
Buffalo sports media is smarter than all of us. Where else can you get the quality insight offered by Harrington and Busgaglia.,1,1
In Scotland ( the little country that's attached to the north of England) üá¨üáß‚ùÑÔ∏è,0,0
@user @user do you ever wonder is some shit you would think of @user üòÇ,0,0
Backs killing me today üò¨ #tramadol,0,0
I've honestly never even watched A Christmas Story. I've only seen random parts.,0,0
@user @user I'm sure you're all inconsolable,1,1
I wish a mf would üëäüëä| my day!,0,0
@user it's no fair that u get to have a lie on & I'm up early for College and it's bloody freezingüöç‚ùÑ‚õÑüòã  #fair #lucky #duck,0,1
tramp shit #youoweme #follow,1,0
It's super duper fun waking up and immediately shoveling your car out of your driveway for 20 minutes  #fuckinsnow,1,1
I feel like crap today. So instead of Redbull I'm drinking something healthy. #NewYearNewMe  #TotallyStillGoingToDrinkTheRedbull,1,1
@user Aah yes rajneesh saab lol controversial figure he was,0,1
"So now its Hamilton on a Monday night? Thanks @user for all those evening games you give us, saturday football is overrated!",1,1
@user @user your Irish fans can't wait.... Impossible to get ticket ... Boo hoo!,0,1
@user Thank you for staying Tom!,0,1
"@user yeah in the ""honour"" of the picture those lyrics sketched ... üò≥",0,0
@user Why not? The House Committee has been very informative thus far!!!  |#UniteBlue,1,1
I love running on 3 hours of sleep..  #ijustwannasleep üòï,1,1
"From our upstairs neighbors deciding to do a load of laundry at 12am, to the 1:30am freight train, falling asleep is working out great!",1,1
#succes #it #is  #about #what #we #see #if #we just #keep #hope #and #never #give #up #success #is...,0,0
girl#beautiful#short#nose#tall#but#toshort#selfieeee <3:*,0,0
Going to the game tonight by myself sounds so fun,1,1
It's freezing out there & very hazy .... Just want to go home.,0,0
Haven't been to sleep. Feeling AWESOME.,1,1
@user BREAKING: #realjournalist bullying major problem in nation's high schools.,0,0
3 episodes left I'm dying over here,0,1
Where I am  @ Boys Town,0,0
@user stoked...,1,1
@user @user @user there's a link somewhere just can't quite put my finger on it,1,0
"I'm in the back chilling for now on , if I don't keep it contact with you or hit you up don't get mad I'm just on some other shit üö∂",0,0
"I'll keep this smile on my face to get myself through this bullcrap, instead of breaking down like usual.",0,0
@user why all the delays?  happy,0,0
Lights went off at my school so now we trying to learn with one emergency light on in the classroom how great!,1,1
@user @user well aren't you the brightest bulb in the chandelier?,1,0
Your friends will bring you down because they fucked up what they had males & females  me fool !,0,0
"Sunset for January 04, 2015 at 04:39PM! Temperatures: 6‚ÑÉ. It's Partly Cloudy.",0,0
"@user FUT14 ofc, the corners <3___<3 they where faaaantastic",1,0
A chunk of my hair got stuck in the blow dryer and I had to cut it out... That's always fun..  üòë,1,1
> @user Google Drive Review,0,1
"The UofL student ticket policy is such a well thought out plan, good job SGA.  #ihateyou",1,1
"@user If #BJP joins with PDP, then CM will be of PDP. Only way to have a #HINDU #CM is to take support of Abdullah family",1,0
#BBC #News -- #Denmark #challenges #Russia and #Canada #over #North #Pole.,0,0
Nobody can deny this. #career #gita such a #profound word.,0,1
That was one long walk üëåüëåüëå #GoMe,0,0
@user don't say anything... just retweet it @user @user @user,0,0
The spicy cali roll is just cali roll with a dab of sauce on it W T F,0,0
#MTVStars Justin Bieber|#net  #fast,0,0
#TeenAnalCasting #Katarro Katarro Anal &#8211; About a Girl [Nirvana Cover],0,0
@user you are sleeping? Wake up the next AC game has been leaked!!!!! #ACVictory,0,0
"Accidentally breaking your own computer when your tech support! Haha , talk about employee of the month  #techSupport üíªüíæüî´",1,1
#Fact: #StarTrek adult onesie meets clothing requirements 4 Walmart employee. Just put on yr vest & a smile.,1,0
My dads letting me drywall with him for Christmas. Just what I always wanted.,1,1
Good thing I gotta work today üëç,1,1
Go get it you broke ass bitches. my fault,0,0
@user @user I can't remember the last time I saw a newish GTi and have only ever seen 1 Golf R. What has changed?,0,0
Has @user @user shown up to speak with #ZemirBegic family yet?,0,0
well I clearly wrote that last tweet,1,1
Pay Ghost Soldiers in Iraq & cut pay of US #Military.  #keepyourpromise @user @user @user,1,0
@user I liked .. Don't regret anything that made you smile... Ha ha,0,0
"Spider Web Lace Chemise|With lined underwire cups, strappy open back, and adjustable straps and...",0,0
"Gotta love when you shake someone's hand and they shiver... It's official, I have death hands and it is now winter! #coldhandswarmheart",1,1
Sysdig Cloud - The Fascinating World of Linux System Calls < reminds me of my Solaris dtrace days in early 2000's,0,1
Can anyone tell iv been uploading items onto depop today lol  #lotsofdepopuploaded,1,1
Tomorrow will be a great day...,1,1
Those that are  #BritishRoyalty should Not presume #Titles or do any #PublicDuties,0,0
Air Passenger Duty for under 12s to be abolished. AT LAST! Something to help the homeless and impoverished! #AutumnStatement,1,1
Why does Zayn look like a Spanish flamingo dancer,0,0
@user @user better bust out my aluminum hat!!!!  #chemtrailsdontexist #growup,1,0
@user a ghostwriter? Shocked...,1,1
@user yeah. I hated it. :),0,1
..what a great start to my day,1,1
@user that's funny,1,1
Getting ready to ship surplus ink cartridges out to Nunavut communities- yup that's a great use of time/resources! #sofulfilled,1,1
Looking forward to doing my 4 page essay tonight üòã seems like fun,1,1
It is so rewarding to work in a place where the teachers and students have been reduced to nothing but numbers and test scores.,1,1
The  of how worst films become must see #films:,1,0
Florida authorities say 1 police officer shot and killed #Florida #TarponSprings #TampaBay,0,1
I believe it is about #indoctrination &  religious indoctrination either; but indoctrination into the future groups of #Lefties.,0,0
@user @user I accept him the way he is...,0,0
Had a nice 3 hour nap. Picking up my Chinese take-out and set to watch #GuardiansOfTheGalaxy @user I added water chestnuts to my dinner,0,0
When your  is so advanced people actually think you are #stupid..,1,1
"@user @user accordng 2 lawyrs, evidence supported both sides, could hav supportd many differnt scenarios, warranting indictment",0,1
When one ear breaks on your headphones it's so frustrating!  #today,0,1
I keep telling my friends I'm busy they need to stop blowing me up but they just can't stop,1,1
üá´üá¥üá±üá±üá¥üáº THIS:|#TSU website now worth $1.5 Million!||You get paid for posting!|http://t.co/OXybfwwWb6,0,0
@user @user     and how many animals does peta kill every year.|#hypocrisy #idiots|might want to point CID inward!,1,0
"House adjourned again. With this pace, dont expect the ache din to come to Parl n u cnt blame d Modi Govt fr this  #RajyaSabha",0,1
you have no argument because you're insane|@RBRNetwork1 @user @user @user @user @user,0,0
So glad all that voting was put to good use!,1,1
How much more stupid can people get..?,0,0
I love that my body can't handle school stress and makes me physically sick.,1,1
i just loveee bein short and having my sweatpants go all the way under my feet its so fun... üí©,1,1
"But nooooo we have religious freedoms, no one ever gets controlled or oppressed by a dominant religion",1,1
Just walked #Frodo's path from #LOTR in #LOTRO ...geek quota for the week is already met :-p Here's the start...,0,0
Q: What is slower than Pakistan batting?|A: PTCL Evo #pakvnz,0,0
Oh the  @user .@David_Cameron You would not need to take to twitter to peddle piffle,1,1
"@user @user good old JK landing people in trouble again, ffs William i thought you were more savvy than that",1,1
@user stuff press write about it literally ridiculous!Would it be harsh to point out the lack of literacy here? #ghostwriter,1,0
I need my own pillow to fall asleep mymalsh,0,0
@user But still bothers me that I see now follow up report.,0,0
Physical therapy at 8 am is just what I want to be doing with my Friday  #iwanttosleep,1,1
@user @user I'd prefer the slew of #Ferguson protestors across the US...they stop traffic shut dwn bridges,0,1
"@user @user Paul believes Rubby, Webster, Kelly, etc. are bad players based on '15 projections. I believe in their upside.",0,0
#Arizona #Court #Of #Appeals #Decides  #To #Retry #Milke: Thursday the Arizona Court of Appeals ordered a lower...,0,0
I'm not really sure how I'm still alive and writing this paper right. Napping instead of sleeping on the weekends isn't cutting it #finals,0,1
"When someone on a conference call talks about ""housekeeping items"". Grrr.",0,1
FIND SXY LOV ON YOUR MOBILE >>>  #twink #engine #goldenkrust #greensmoothiegirl,0,0
"@user I don't blame you bro, if i was married to @user I too would support Milan üòä",0,0
I love when I wake up grumpy  #effroommates #yourtooloud #personalalarmclock #notnecessary #bequieter #ugh,1,1
@user yeh but its still unclear you know.,1,0
Try to ring @user about a plumbing issue. Her phone goes off upstairs with Super Mario theme tune  #retrogaming,1,1
"Video: By @user ""@dipmagazine #wifeyseries Drops Today, with #covermodels @user and...",0,0
JFK BAGGAGE IDIOTS ACCUSED OF STEALING SHIT RIGHT OUTA YOUR LUGGAGE!|SHOCKED?|UMMMM SO |THEY HIRE MORONS!|PUT THE ARMY IN THERE!,1,1
Its a marshmallow world in the winter üé∂ #getthisoutofmyhead,0,0
What a shock. Duke Johnson is hurt in an important game.  #canes,1,1
Rants about being pregnant and judged for buying a bottle of wine. Poses weekly for belly pics in front of wine rack.  or #fail ?,0,1
Ready to conquer the dayüòú  @user #leavemealonemom #my2fave‚ù§Ô∏è#bahhumbug,1,0
Waa mockingjay part 2 tahon depan meh 20 Nov 2015 wtvr Night at the museum 3 #mustwatchb4decemberendssobssobs,0,0
@user Goal of the Season 1970: GOAL 1. Jon Sammels #ARSENAL vs #manutd @user @user,0,0
Used my brains and stopped drinking at 8 and been on the tea feeling sober and good.. Bring on tomorrow üòòüòò,0,0
go subscribe @user on youtube for good music,0,0
Planned on an early night last night.. Oh yaa course that happened..  #gotinterupted,1,1
I just earned the 'Photogenic Brew (Level 21)' badge on @user,0,0
@user Those who failed to develop hair on their bald hear are talking abr development,1,1
But someone selling a pack of cigarettes gets a death penalty  #EricGarner,1,1
Free chocolates and free delivery with all flower orders from Bunches.,0,1
I'M NOT GONNA ASK YOU FOR FOLLOWING. Your own decision.,0,0
I feel she didn't love me :/ :( :( #im  #ok,0,0
Drinking an 925 IPA by @user @ Ground Control -- #photo,0,0
"Quel domage  RT @user No Canada: Bills in TO series, which was a colossal flop, has been cancelled #CFL #NFL",1,0
Abraham was actually from modern day Iraq (Ur of the Chaldea) @user @user,0,0
@user which one is more disturbing dan? Tickling an elf'süçÜ or biting it..... #philisinnocent  üòÅüî´,1,1
@user @user haha that's cool! I had a feeling I'd need a  considering the actual racist comments. Keep up the good fight ;),0,1
@user @user Let the Western bastards bank accounts freeze in the dark!  #seewhatidid #readpeople,1,1
"FALSE, slavery was based on economics, @user @user @user @user @user @user",0,0
